{"splat_categories":[{"splats":[],"name":"Seeming","flavor":"1"},{"splats":[],"name":"Kith","flavor":"1"},{"splats":[],"name":"Court","flavor":"2"},{"splats":[],"name":"Entitlement","flavor":"3"}],"power_categories":[],"anchor_categories":[],"name":"Changeling","game_line":"Lost","integrity_name":"Clarity","power_stat_name":"Wyrd","resource_name":"Glamour","primary_anchor_name":"Virtue","secondary_anchor_name":"Vice","character_group_name":"Motley","experiences_prefix":null,"reference_code":"changeling-lost"}