{"splat_categories":[{"splats":[],"name":"Clan","flavor":"1"},{"splats":[],"name":"Covenant","flavor":"2"},{"splats":[],"name":"Bloodline","flavor":"3"}],"power_categories":[{"powers":[{"name":"Animalism"},{"name":"Auspex"},{"name":"Celerity"},{"name":"Cruac"},{"name":"Dominate"},{"name":"Majesty"},{"name":"Nightmare"},{"name":"Obfuscate"},{"name":"Protean"},{"name":"Resilience"},{"name":"Theban Sorcery"},{"name":"Vigor"}],"name":"Discipline"}],"anchor_categories":[],"name":"Vampire","game_line":"Requiem","integrity_name":"Humanity","power_stat_name":"Blood Potency","resource_name":"Vitae","primary_anchor_name":"Mask","secondary_anchor_name":"Dirge","character_group_name":"Coterie","experiences_prefix":"Blood","reference_code":"vampire-requiem"}