{"name":"Mage","game_line":"Awakening","integrity_name":"Wisdom","power_stat_name":"Gnosis","resource_name":"Mana","primary_anchor_name":"Virtue","secondary_anchor_name":"Vice","character_group_name":"Cabal","experiences_prefix":"Arcane","splat_categories":[{"name":"Path","flavor":"1","splats":[{"name":"Acanthus"},{"name":"Mastigos"},{"name":"Moros"},{"name":"Obrimos"},{"name":"Thyrsus"}]},{"name":"Order","flavor":"2","splats":[{"name":"Adamantine Arrow"},{"name":"Free Council"},{"name":"Guardians of the Veil"},{"name":"Mysterium"},{"name":"Silver Ladder"}]}]}