{"splat_categories":[{"splats":[],"name":"Seeming","flavor":"primary","is_required":false},{"splats":[],"name":"Kith","flavor":"primary_sub","is_required":false},{"splats":[],"name":"Court","flavor":"secondary","is_required":false},{"splats":[],"name":"Entitlement","flavor":"tertiary","is_required":false}],"power_categories":[{"powers":[],"name":"Contracts"}],"anchor_categories":[],"name":"Changeling","game_line":"ctl","integrity_name":"Integrity","power_stat_name":"Wyrd","resource_name":"Glamour","primary_anchor_name":"Virtue","secondary_anchor_name":"Vice","character_group_name":"Motley","experiences_prefix":null,"reference_code":"changeling-ctl"}