{"splat_categories":[{"splats":[],"name":"Path","flavor":"1"},{"splats":[],"name":"Order","flavor":"2"},{"splats":[],"name":"Legacy","flavor":"3"}],"power_categories":[{"powers":[{"name":"Death"},{"name":"Fate"},{"name":"Forces"},{"name":"Life"},{"name":"Matter"},{"name":"Mind"},{"name":"Prime"},{"name":"Space"},{"name":"Spirit"},{"name":"Time"}],"name":"Arcana"}],"anchor_categories":[],"name":"Mage","game_line":"Awakening","integrity_name":"Wisdom","power_stat_name":"Gnosis","resource_name":"Mana","primary_anchor_name":"Virtue","secondary_anchor_name":"Vice","character_group_name":"Cabal","experiences_prefix":"Arcane","reference_code":"mage-awakening"}