{"splat_categories":[{"splats":[{"name":"Daeva"},{"name":"Gangrel"},{"name":"Mekhet"},{"name":"Nosferatu"},{"name":"Ventrue"}],"name":"Clan","flavor":"primary","is_required":false},{"splats":[{"name":"Carthian Movement"},{"name":"Circle of the Crone"},{"name":"Invictus"},{"name":"Lancea et Sanctum"},{"name":"Ordo Dracul"}],"name":"Covenant","flavor":"secondary","is_required":false},{"splats":[],"name":"Bloodline","flavor":"tertiary","is_required":false}],"power_categories":[{"powers":[{"name":"Animalism"},{"name":"Auspex"},{"name":"Celerity"},{"name":"Cruac"},{"name":"Dominate"},{"name":"Majesty"},{"name":"Nightmare"},{"name":"Obfuscate"},{"name":"Protean"},{"name":"Resilience"},{"name":"Theban Sorcery"},{"name":"Vigor"}],"name":"Disciplines"}],"anchor_categories":[],"name":"Vampire","game_line":"vtr","integrity_name":"Integrity","power_stat_name":"Blood Potency","resource_name":"Vitae","primary_anchor_name":"Mask","secondary_anchor_name":"Dirge","character_group_name":"Coterie","experiences_prefix":"Blood","reference_code":"vampire-vtr"}