{"splat_categories":[{"splats":[{"name":"Cahalit"},{"name":"Elodoth"},{"name":"Irraka"},{"name":"Ithaeur"},{"name":"Rahu"}],"name":"Auspice","flavor":"primary","is_required":true},{"splats":[{"name":"Blood Talons"},{"name":"Bone Shadows"},{"name":"Ghost Wolves"},{"name":"Hunters in Darkness"},{"name":"Iron Masters"},{"name":"Storm Lords"}],"name":"Tribe","flavor":"secondary","is_required":false}],"power_categories":[{"powers":[],"power_options":[],"name":"Gifts","experience_cost":4,"experience_splat_cost":0,"splat_discount_name":""},{"powers":[],"power_options":[],"name":"Rites","experience_cost":4,"experience_splat_cost":0,"splat_discount_name":""},{"powers":[{"name":"Cunning"},{"name":"Glory"},{"name":"Honor"},{"name":"Purity"},{"name":"Wisdom"}],"power_options":[],"name":"Renown","experience_cost":4,"experience_splat_cost":0,"splat_discount_name":""}],"template_anchors":[],"name":"Werewolf","game_line":"wtf","integrity_name":"Harmony","power_stat_name":"Primal Urge","resource_name":"Essence","primary_anchor_name":"Blood","secondary_anchor_name":"Bone","character_group_name":"Group","reference_code":"werewolf-wtf"}