{"splat_categories":[{"splats":[{"name":"Acanthus"},{"name":"Mastigos"},{"name":"Moros"},{"name":"Obrimos"},{"name":"Thyrsus"}],"name":"Path","flavor":"primary","is_required":true},{"splats":[{"name":"Adamantine Arrow"},{"name":"Free Council"},{"name":"Guardians of the Veil"},{"name":"Mysterium"},{"name":"Seers of the Throne"},{"name":"Silver Ladder"}],"name":"Order","flavor":"secondary","is_required":false},{"splats":[],"name":"Faction","flavor":"secondary_sub","is_required":false},{"splats":[],"name":"Legacy","flavor":"tertiary","is_required":false}],"power_categories":[{"powers":[{"name":"Death"},{"name":"Fate"},{"name":"Forces"},{"name":"Life"},{"name":"Matter"},{"name":"Mind"},{"name":"Prime"},{"name":"Space"},{"name":"Spirit"},{"name":"Time"}],"power_options":[{"name":"Common"},{"name":"Inferior"},{"name":"Reagent"}],"name":"Arcana","experience_cost":4,"experience_splat_cost":0,"splat_discount_name":""},{"powers":[{"name":"Postcognition"}],"power_options":[{"name":"Praxis"},{"name":"Rote"}],"name":"Trained Spells","experience_cost":4,"experience_splat_cost":0,"splat_discount_name":""}],"template_anchors":[{"name":"Inurement"},{"name":"Magical Tool"}],"name":"Mage","game_line":"mtaw","integrity_name":"Wisdom","power_stat_name":"Gnosis","resource_name":"Mana","primary_anchor_name":"Virtue","secondary_anchor_name":"Vice","character_group_name":"Group","reference_code":"mage-mtaw"}