{"splat_categories":[{"splats":[],"name":"Clan","flavor":"primary","is_required":false},{"splats":[],"name":"Covenant","flavor":"secondary","is_required":false},{"splats":[],"name":"Bloodline","flavor":"tertiary","is_required":false}],"power_categories":[{"powers":[{"name":"Auspex"},{"name":"Dominate"},{"name":"Majesty"},{"name":"Obfuscate"},{"name":"Protean"}],"name":"Disciplines"}],"anchor_categories":[],"name":"Vampire","game_line":"vtr","integrity_name":"Integrity","power_stat_name":"Blood Potency","resource_name":"Vitae","primary_anchor_name":"Mask","secondary_anchor_name":"Dirge","character_group_name":"Coterie","experiences_prefix":"Blood","reference_code":"vampire-vtr"}