{"splat_categories":[{"splats":[],"name":"Seeming","flavor":"primary","is_required":false},{"splats":[],"name":"Kith","flavor":"primary_sub","is_required":false},{"splats":[],"name":"Court","flavor":"secondary","is_required":false},{"splats":[],"name":"Entitlement","flavor":"tertiary","is_required":false}],"power_categories":[{"powers":[],"power_options":[],"name":"Contracts","experience_cost":4,"experience_splat_cost":0,"splat_discount_name":""}],"template_anchors":[],"name":"Changeling","game_line":"ctl","integrity_name":"Integrity","power_stat_name":"Wyrd","resource_name":"Glamour","primary_anchor_name":"Virtue","secondary_anchor_name":"Vice","character_group_name":"Motley","reference_code":"changeling-ctl"}