{"splat_categories":[{"splats":[{"name":"Cahalit"},{"name":"Elodoth"},{"name":"Irraka"},{"name":"Ithaeur"},{"name":"Rahu"}],"name":"Auspice","flavor":"primary","is_required":true},{"splats":[{"name":"Blood Talons"},{"name":"Bone Shadows"},{"name":"Ghost Wolves"},{"name":"Hunters in Darkness"},{"name":"Iron Masters"},{"name":"Storm Lords"}],"name":"Tribe","flavor":"secondary","is_required":false}],"power_categories":[{"powers":[],"name":"Gifts"},{"powers":[],"name":"Rites"},{"powers":[{"name":"Cunning"},{"name":"Glory"},{"name":"Honor"},{"name":"Purity"},{"name":"Wisdom"}],"name":"Renown"}],"anchor_categories":[],"name":"Werewolf","game_line":"wtf","integrity_name":"Harmony","power_stat_name":"Primal Urge","resource_name":"Essence","primary_anchor_name":"Blood","secondary_anchor_name":"Bone","character_group_name":"Group","experiences_prefix":null,"reference_code":"werewolf-wtf"}