{"chronicles":[{"game_events":[],"characters":[{"merits":[{"merit":"trained-observer","rating":3,"details":""},{"merit":"high-speech","rating":1,"details":""},{"merit":"area-expertise","rating":1,"details":"Crime Scenes"},{"merit":"status","rating":1,"details":"Guardians of the Veil"},{"merit":"contacts","rating":2,"details":"Forensics, Police"}],"powers":[{"rating":2,"details":""},{"rating":1,"details":""},{"rating":2,"details":""},{"rating":1,"details":""},{"rating":2,"details":""},{"rating":2,"details":""},{"rating":1,"details":""}],"specialities":[{"skill":"investigation","speciality":"Crime Scenes"},{"skill":"expression","speciality":"Writting"},{"skill":"firearms","speciality":"Concelead Weapons"}],"anchors":[],"approval_requests":[],"created":"2018-02-28T19:23:18.810478Z","modified":"2018-03-01T16:48:25.336182Z","status":"in_progress","status_changed":"2018-02-28T19:23:18.810478Z","name":"Keats","template":"mage-mtaw","power_stat":1,"integrity":7,"storyteller_notes":"","player_notes":"","resource_start":5,"resource_max":10,"concept":"","faction":"","character_group":"","strength":2,"dexterity":2,"stamina":2,"intelligence":3,"wits":2,"resolve":4,"presence":2,"manipulation":2,"composure":3,"academics":2,"computer":1,"crafts":0,"investigation":4,"medicine":1,"occult":2,"politics":0,"science":1,"athletics":1,"brawl":0,"drive":0,"firearms":2,"larceny":1,"stealth":2,"survival":0,"weaponry":1,"animal_ken":0,"empathy":1,"expression":3,"intimidation":0,"persuasion":0,"socialize":0,"streetwise":0,"subterfuge":0,"size":5,"speed":7,"initiative":2,"bashing_damage":0,"lethal_damage":0,"aggravated_damage":0,"willpower":7,"health":6,"primary_anchor":"","secondary_anchor":"","version":0,"uuid":"2ea8ed97-a3ab-4207-86ac-d21723792ef4"}],"name":"Requiem for the Lost","rules_url":"","short_description":"","reference_code":"requiem-for-the-lost-teatro-de-la-mente-nuevo-leon"}],"prestige_levels":[],"name":"Teatro de la Mente Nuevo Leon","rules_url":"","reference_code":"teatro-de-la-mente-nuevo-leon","prestige_cutoff":null}